MRI_ID,T1_slice_00,T1_slice_01,T1_slice_02,T1_slice_03,T1_slice_04,T1_slice_05,T1_slice_06,T1_slice_07,T1_slice_08,T1_slice_09,T1_slice_10,T1_slice_11,T1_slice_12,T1_slice_13,T1_slice_14,T1_slice_15,T1_slice_16,T1_slice_17,T1_slice_18,T1_slice_19,T1_slice_20,T1_slice_21,T1_slice_22,T1_slice_23,T1_slice_24,T1_slice_25,T1_slice_26,T1_slice_27,T1_slice_28,T1_slice_29,T1_slice_30,T1_slice_31,T1_slice_32,T1_slice_33,T1_slice_34,T1_slice_35,T1_slice_36,T1_slice_37,T1_slice_38,T1_slice_39,T1_slice_40,T1_slice_41,T1_slice_42,T1_slice_43,T1_slice_44,T1_slice_45,Eye
sub-0200,0.9731728006599496,0.9185705428265832,0.870066186045912,0.8097565137537042,0.8398994454800852,0.8361315790142877,0.717436137412935,0.7828839308392683,0.8146547401592412,0.8581478661392362,0.8689128002484918,0.813524380219502,0.7189092870127403,0.8942872877917367,0.8685283383160185,,,,,,,,,,,,,,,,,,,,,,,,,,,,,,,,OD
sub-0200,0.9533278159730274,0.899285292913891,0.948115739669777,0.8593012519366564,0.8365083656608674,0.8827534298175346,0.9232977743214942,0.9553528144104684,0.924479582195222,0.8754486531005397,0.8773709627629067,0.8496958982911591,0.7776866686008812,0.8139011668660818,0.6595722404131765,,,,,,,,,,,,,,,,,,,,,,,,,,,,,,,,OS
sub-0204,0.8692972621809651,0.8278422727895329,0.8203065398579377,0.929600749648042,0.9236917102794032,0.7962483194522642,0.7012314918150785,0.8297262060224317,0.7207507240124968,0.8800621962902206,0.8123940202797626,0.7498454286086481,0.9024191685523038,0.6186124984941835,0.7821414648052131,,,,,,,,,,,,,,,,,,,,,,,,,,,,,,,,OD
sub-0204,0.8470583917651007,0.7468991294090378,0.9154190551633092,0.9268431979426774,0.755041454562194,0.6879604067416254,0.8463048184719413,0.8037279274084281,0.7594962507665258,0.7517003574089449,0.7417431058097199,0.870066186045912,0.8800621962902206,0.6875917292568403,0.6580975304740364,,,,,,,,,,,,,,,,,,,,,,,,,,,,,,,,OS
sub-0339,1.0847002745369518,0.9639937713794572,0.9806205154552344,1.0330960196156516,1.0119092043329092,0.8917766643352057,0.9305244058045344,0.8779507961624354,0.7790905160085023,0.8888439044197696,0.8507180255190998,0.882140453184487,0.9090141756883884,0.9313679442404617,0.9157624831758066,,,,,,,,,,,,,,,,,,,,,,,,,,,,,,,,OD
sub-0339,1.1018876364774646,0.9482387129590076,1.0688684861269202,1.0983332034455904,0.9575988698118508,0.9763572477434964,0.8863301102065386,0.9938366453616212,0.966125405235326,0.8101428541210101,0.7466867922291501,0.7870757986607336,0.7126295826599043,0.8277109827159055,0.9161842523937702,,,,,,,,,,,,,,,,,,,,,,,,,,,,,,,,OS
sub-0457,0.8444208852390425,0.8481887517048401,0.7932784553160429,0.8120172336331828,0.8236976196771555,0.7472674168089891,0.8229440463839961,0.7402699562099149,0.7362187948104506,0.7687770761922175,0.7343773578106942,0.7049143658145914,0.8673749525185982,0.6395284667561617,0.6171185007611851,,,,,,,,,,,,,,,,,,,,,,,,,,,,,,,,OD
sub-0457,0.9675028050351148,0.8274654861429531,0.9232977743214942,0.9473278677539584,0.8519964752196617,0.9248735181531312,0.8301029926690116,0.9083282079209424,0.890827130399476,0.8112636603400234,0.7428479680095739,0.8642992570588109,0.8712195718433322,0.9126615034579444,0.7446894050093302,,,,,,,,,,,,,,,,,,,,,,,,,,,,,,,,OS
sub-0480,1.3222774507366228,1.4240062200617631,1.4416595988469303,1.3679335156407606,1.6589108840404885,1.3165335528650408,1.3274991760744246,1.2025502609387606,1.1751136216287807,1.0291265531807876,1.1765038338105454,1.0140956377809631,1.348908249959412,1.2295137636751792,1.2487734084869069,,,,,,,,,,,,,,,,,,,,,,,,,,,,,,,,OD
sub-0480,1.6885686616066788,1.3821019299941892,1.3979051613883982,1.3679335156407606,1.1460659625193952,1.0044925529421866,1.3842816860485627,1.2439584972839746,1.4222978285664245,1.2222913968707814,0.9426006362590476,1.2622520470593892,1.3076566197907775,1.1885523393858377,1.2444399884042678,,,,,,,,,,,,,,,,,,,,,,,,,,,,,,,,OS
sub-0610,1.2246583611440012,1.3794783253332386,1.3652297503844235,1.4438980480639088,1.0697480299274775,0.9094359449063518,1.014935892230444,0.8072148326885276,0.8126525867774237,0.753033277880168,0.8281292714919745,0.8595163052654082,0.7992638616562447,1.0956945720439184,0.6828608202128693,,,,,,,,,,,,,,,,,,,,,,,,,,,,,,,,OD
sub-0610,1.1883475204591163,1.0287721797620306,1.0330960196156516,0.9191366369195156,0.8465339776390075,0.8687335507139218,0.8402596459979734,1.0365550914985486,1.0170978121572545,0.9465516360871528,0.8813025217800767,0.8465339776390075,0.8172537633141819,0.7895974668667014,0.7471125073487658,,,,,,,,,,,,,,,,,,,,,,,,,,,,,,,,OS
sub-0713,0.9764127981598554,0.9901827875344544,0.9525178165980508,0.9865377903470608,0.7932784553160429,0.77471680446466,0.7248018854119609,0.7799140667030471,0.7546702215451662,0.8229440463839961,0.7295896216113276,0.8146547401592412,0.8789088104928005,0.9024191685523038,0.8808311201551675,,,,,,,,,,,,,,,,,,,,,,,,,,,,,,,,OD
sub-0713,0.8915960542644229,1.0103379089310072,0.9229038383635848,0.8900582065345293,0.9335401092271348,0.8003368475892102,0.8892892826695825,0.907540336005124,0.921328094531948,0.8735263434381728,0.773603105413577,0.6466249559879043,0.9260553260268588,0.7728606393795217,0.8708351099108589,,,,,,,,,,,,,,,,,,,,,,,,,,,,,,,,OS
sub-0717,1.095736081109605,0.9390552126378642,0.8410298054198245,0.8827534298175346,0.8600701758016033,0.7865962610095449,0.9386612766799548,0.8225672597374163,0.7093338146140068,0.6868543742872703,0.9288128777322238,0.7583825517154428,0.7932784553160429,0.7347456452106456,0.6872230517720552,,,,,,,,,,,,,,,,,,,,,,,,,,,,,,,,OD
sub-0717,1.0391471634473373,1.0015698749477764,1.0750267245626968,0.9695278034725558,0.8716040337758058,0.8881358968721622,0.909116079836761,0.8923649781293698,0.9260553260268588,0.7951346204011811,0.7910510572138769,0.8600701758016033,0.8116404469866031,0.7951346204011811,0.8981319071164708,,,,,,,,,,,,,,,,,,,,,,,,,,,,,,,,OS
sub-0733,1.1539852955027656,1.0365550914985486,1.093495712542525,1.0279074117913063,1.02444833990841,1.0825014150355583,1.123410092254929,0.990426031192231,1.078103696032772,0.9258849444069344,0.8452791113108006,0.9351638672021344,0.9558935627271556,1.0127739723036333,1.0313664836742031,,,,,,,,,,,,,,,,,,,,,,,,,,,,,,,,OD
sub-0733,0.9946892989039688,0.998099913073359,1.0356903235278243,0.8285475602680434,0.8926145957396161,1.039149395410721,1.1054747124403754,1.126100399227112,1.0613923638221832,1.1773516084730842,1.1453809325277575,1.2218438522395294,0.879626658971256,0.957172543040677,0.8394230684458357,,,,,,,,,,,,,,,,,,,,,,,,,,,,,,,,OS
sub-0760,1.1250694465207625,1.282795289093161,0.9095100157946704,0.89351836392679,0.7259067476118148,0.6391549673229121,0.6931218915286161,0.7457942672091841,0.7788003676519641,0.9292068136901328,1.057768927440273,0.8704506479783855,0.9331461732692254,0.6728446298654385,0.7624661149027471,,,,,,,,,,,,,,,,,,,,,,,,,,,,,,,,OD
sub-0760,1.0128430614976445,1.016183264919828,0.899285292913891,0.7695195422262727,1.24781042624632,0.9610228100353032,0.5038854774221032,0.5313668032817913,0.7639510469708577,0.6868543742872703,0.7795428336860195,0.882368967885061,0.7015997792150298,0.7665496780900514,0.9146311832474908,,,,,,,,,,,,,,,,,,,,,,,,,,,,,,,,OS
sub-0780,1.0525915883035462,0.9808677947222256,0.944964252006503,0.905964592173487,0.8410298054198245,0.7895661251457663,0.7784291346349366,0.8735263434381728,0.7561551536132768,0.7977332515203748,0.8361315790142877,0.8808311201551675,0.8195529665647782,0.910691823668398,0.8297262060224317,,,,,,,,,,,,,,,,,,,,,,,,,,,,,,,,OD
sub-0780,1.0136781123531904,1.0616519317928184,1.0253688243308317,0.7869674940265726,0.8881358968721622,0.8252047662634746,0.8071190072276458,0.8662215667211779,0.830856565962171,0.7951346204011811,0.7981044845374023,0.8074957938742258,0.8546877087469755,0.7910510572138769,0.996662782534266,,,,,,,,,,,,,,,,,,,,,,,,,,,,,,,,OS
sub-0803,1.1782679344719202,1.1709373264812322,1.16452304448938,1.0952548001436395,1.100990867486737,0.9166060216117338,0.8712473449271527,0.824782961283423,0.945286328433262,1.0772241522322146,0.9874417437940148,0.953335602100113,0.924619636753043,0.8804645903756663,0.9759309209723228,,,,,,,,,,,,,,,,,,,,,,,,,,,,,,,,OD
sub-0803,1.1494163929860322,1.05259692581661,1.1599414144952,1.1915546614550427,1.2016732050908137,0.9563198894983294,0.9166060216117338,1.0322312516449277,0.962714791065936,0.9567462162695032,0.9271502520608252,0.9678307123200212,1.1045779434496477,0.9271502520608252,0.8235280949552162,,,,,,,,,,,,,,,,,,,,,,,,,,,,,,,,OS
sub-0805,1.044157468580612,0.9873477897220372,0.8977474451839974,0.8361315790142877,0.8474351784116805,0.7546702215451662,0.7384285192101584,0.7836263968733237,0.8293494193758519,0.7067558028143478,0.7038095036147376,0.7598674837835534,0.726275035011766,0.6986520538003919,0.7862250279925174,,,,,,,,,,,,,,,,,,,,,,,,,,,,,,,,OD
sub-0805,1.0103379089310072,0.9577828125353977,0.7669209111070792,0.7650647460219406,0.8380155122471865,0.8316101392553306,0.7203824366125455,0.7520715904259726,0.7813989987711578,0.7170678500129837,0.717436137412935,0.7769442025668258,0.6835362769242048,0.6757940497437188,0.6305644803581711,,,,,,,,,,,,,,,,,,,,,,,,,,,,,,,,OS
sub-0807,1.0534544781596673,0.998687780971707,0.8800621962902206,0.9768177978473436,0.9642628075352092,0.692015859074261,0.7966195524692917,0.7465308420090866,0.7027046414148836,0.8105100870468638,0.8459280318253615,0.8120172336331828,0.7196458618126429,0.7802852997200749,0.8440440985924627,,,,,,,,,,,,,,,,,,,,,,,,,,,,,,,,OD
sub-0807,0.9877527894095252,1.0987561956060294,0.8835223536824813,1.036224485452927,0.993017785346872,1.0149306886365093,0.9319643653954977,0.7454259798092328,0.6654710801697373,0.6350464735571664,0.7049143658145914,0.6802181795611394,0.7769442025668258,0.6606782728675317,0.94653999583814,,,,,,,,,,,,,,,,,,,,,,,,,,,,,,,,OS
